                  epoch,         train/box_loss,         train/cls_loss,         train/dfl_loss,   metrics/precision(B),      metrics/recall(B),       metrics/mAP50(B),    metrics/mAP50-95(B),           val/box_loss,           val/cls_loss,           val/dfl_loss,                 lr/pg0,                 lr/pg1,                 lr/pg2
                      1,                 2.7807,                 3.2897,                 4.2452,                0.00333,                      1,                0.03864,                0.00901,                 3.0199,                 3.6965,                 4.1594,                0.00012,                0.00012,                0.00012
                      2,                  2.976,                 3.1347,                 4.2315,                0.00333,                      1,                0.09677,                0.01411,                 3.0211,                 3.6917,                 4.1583,             0.00025871,             0.00025871,             0.00025871
                      3,                 2.8775,                 3.1662,                 4.1559,                0.00333,                      1,                0.08727,                0.01514,                 3.0322,                 3.6867,                  4.157,             0.00039604,             0.00039604,             0.00039604
                      4,                 2.9917,                 3.1165,                 4.1373,                0.00333,                      1,                0.05888,                0.01068,                 3.0455,                 3.6917,                 4.1548,             0.00053198,             0.00053198,             0.00053198
                      5,                 3.0144,                 3.0814,                  4.107,                0.00333,                      1,                0.09249,                0.01544,                 3.0702,                 3.6806,                 4.1496,             0.00066654,             0.00066654,             0.00066654
                      6,                 2.9735,                 3.1139,                  3.998,                0.00333,                      1,                  0.099,                0.01502,                 3.0981,                 3.6633,                 4.1517,             0.00079971,             0.00079971,             0.00079971
                      7,                 3.1171,                 3.0746,                 4.0507,                0.00333,                      1,                0.24859,                0.03258,                 3.1519,                 3.7161,                 4.1585,             0.00093149,             0.00093149,             0.00093149
                      8,                 3.0617,                 3.0372,                  3.948,                0.00333,                      1,                0.17298,                0.02127,                 3.1514,                  3.744,                 4.1192,              0.0010619,              0.0010619,              0.0010619
                      9,                 2.9949,                 3.1696,                 3.9723,                0.00959,                0.41237,                0.07623,                0.01156,                 3.7665,                 62.542,                 8.3613,              0.0011909,              0.0011909,              0.0011909
                     10,                 2.8563,                  3.158,                 3.9072,                0.00877,                0.34021,                0.02846,                0.00555,                 3.8485,                 12.148,                 10.238,              0.0013185,              0.0013185,              0.0013185
                     11,                 2.8409,                 2.9973,                 3.8219,                0.00365,                0.30928,                0.01062,                 0.0025,                 3.8079,                 6.2125,                 8.6794,              0.0014448,              0.0014448,              0.0014448
                     12,                 2.7151,                 2.9325,                 3.6571,                0.00724,                0.26804,                0.00568,                0.00143,                 4.0198,                 11.943,                 11.708,              0.0015696,              0.0015696,              0.0015696
                     13,                 2.7608,                 2.9987,                 3.6366,                 0.0063,                0.26804,                0.00796,                0.00178,                 4.0396,                 8.2689,                  9.828,              0.0016931,              0.0016931,              0.0016931
                     14,                 2.6947,                 2.9338,                 3.4785,                0.01174,                0.95876,                0.06605,                0.02173,                 2.9214,                  3.625,                  4.269,              0.0018152,              0.0018152,              0.0018152
                     15,                 2.7429,                  2.921,                  3.379,                0.01936,                0.94845,                0.03471,                0.01071,                 2.5084,                 3.6386,                 3.9779,              0.0018614,              0.0018614,              0.0018614
                     16,                 2.6223,                 2.9284,                 3.4413,                0.01642,                0.03093,                0.02626,                0.00509,                 2.9757,                 3.7124,                 4.1877,              0.0018614,              0.0018614,              0.0018614
                     17,                 2.5103,                 2.9736,                 3.3602,                0.23663,                0.03093,                0.03763,                0.00677,                 2.7678,                 3.5621,                 4.0515,              0.0018515,              0.0018515,              0.0018515
                     18,                 2.6566,                  2.952,                 3.1257,                0.23276,                0.06186,                0.05958,                0.00722,                 3.0532,                   4.22,                 4.3214,              0.0018416,              0.0018416,              0.0018416
                     19,                 2.5343,                 2.9972,                 3.3172,                0.40492,                 0.3299,                0.29312,                 0.0698,                 2.4904,                 3.8015,                 3.8672,              0.0018317,              0.0018317,              0.0018317
                     20,                 2.4608,                 2.8557,                 3.1757,                 0.4389,                0.42268,                 0.3617,                 0.1061,                 2.5558,                 3.9443,                 3.9503,              0.0018218,              0.0018218,              0.0018218
                     21,                 2.6483,                 2.9361,                 3.1962,                0.51469,                0.51389,                0.45006,                  0.156,                 2.5094,                 3.9909,                 3.7988,              0.0018119,              0.0018119,              0.0018119
                     22,                  2.569,                 2.9095,                 3.1554,                0.28385,                0.14433,                0.14016,                0.03658,                 2.3887,                 3.4245,                 3.6611,               0.001802,               0.001802,               0.001802
                     23,                 2.3178,                 2.8264,                  3.059,                 0.3308,                0.31959,                0.28545,                0.09813,                 2.1282,                 3.2069,                 3.4305,              0.0017921,              0.0017921,              0.0017921
                     24,                 2.6097,                 3.0137,                 3.1871,                0.31662,                0.52577,                0.32874,                0.10444,                 2.0226,                 2.9818,                 3.1955,              0.0017822,              0.0017822,              0.0017822
                     25,                 2.4094,                 2.8377,                 3.0501,                0.19842,                0.37113,                0.21495,                0.06942,                 2.0575,                 2.9919,                  3.247,              0.0017723,              0.0017723,              0.0017723
                     26,                  2.343,                 2.9213,                 3.1242,                0.16355,                0.40206,                0.20781,                0.09794,                 1.5833,                 3.3419,                 2.6961,              0.0017624,              0.0017624,              0.0017624
                     27,                 2.4141,                 2.7952,                 2.9805,                0.26014,                0.61856,                 0.3485,                0.16855,                 1.5497,                 6.2937,                 2.6286,              0.0017525,              0.0017525,              0.0017525
                     28,                 2.2865,                 2.7837,                 2.9073,                0.40399,                0.69072,                0.40515,                0.20408,                 1.5508,                  4.851,                 2.7228,              0.0017426,              0.0017426,              0.0017426
                     29,                 2.2965,                 2.7814,                 2.9458,                0.26304,                0.63918,                0.26458,                0.12957,                  1.553,                 4.3972,                 2.7887,              0.0017327,              0.0017327,              0.0017327
                     30,                 2.3324,                 2.7528,                 2.9444,                0.42543,                0.31959,                0.31068,                0.15691,                  1.788,                 3.6743,                 3.0739,              0.0017228,              0.0017228,              0.0017228
                     31,                 2.2901,                 2.7355,                 2.9339,                0.36268,                 0.3299,                0.29347,                0.13195,                 2.0678,                 3.2405,                 3.4615,              0.0017129,              0.0017129,              0.0017129
                     32,                 2.4101,                 2.8068,                 2.9851,                0.36046,                0.62887,                0.42824,                0.25261,                 1.9233,                 3.4506,                 3.3974,               0.001703,               0.001703,               0.001703
                     33,                 2.2248,                 2.5934,                 2.8246,                0.30082,                0.74227,                0.33927,                0.20723,                 1.9033,                 3.1113,                 3.2477,              0.0016931,              0.0016931,              0.0016931
                     34,                 2.4602,                 2.7887,                  2.929,                0.25956,                0.80412,                 0.2866,                0.14948,                 1.7455,                 2.6828,                 2.7006,              0.0016832,              0.0016832,              0.0016832
                     35,                 2.2643,                 2.7727,                 2.8957,                0.24142,                0.74227,                0.27422,                0.14328,                  1.842,                 2.4927,                 2.8357,              0.0016733,              0.0016733,              0.0016733
                     36,                 2.2889,                 2.6501,                 2.7631,                0.09287,                0.12371,                0.07421,                0.02867,                  2.182,                 3.0753,                 3.6942,              0.0016634,              0.0016634,              0.0016634
                     37,                 2.2468,                 2.6662,                 2.8902,                0.13553,                0.27835,                0.14062,                0.05843,                 2.0562,                  2.813,                  3.409,              0.0016535,              0.0016535,              0.0016535
                     38,                 2.0834,                 2.7692,                 2.7166,                0.34261,                0.41237,                0.29647,                0.11881,                 2.2097,                 3.0244,                 3.2042,              0.0016436,              0.0016436,              0.0016436
                     39,                 2.1184,                 2.6083,                 2.7552,                0.22361,                0.41237,                0.18577,                0.07863,                 2.3077,                 3.1026,                 3.4518,              0.0016337,              0.0016337,              0.0016337
                     40,                 2.0971,                 2.6407,                  2.817,                0.44828,                0.47423,                0.38339,                0.21345,                 1.6146,                 2.9023,                 2.6542,              0.0016238,              0.0016238,              0.0016238
                     41,                 2.2174,                 2.5443,                 2.7417,                0.60398,                0.53608,                0.51989,                0.31088,                 1.4486,                  3.014,                  2.411,              0.0016139,              0.0016139,              0.0016139
                     42,                 1.9892,                 2.4952,                 2.6643,                0.55716,                0.60825,                0.56086,                 0.3082,                 1.5834,                 3.8733,                 2.4653,               0.001604,               0.001604,               0.001604
                     43,                 2.0991,                 2.4947,                 2.7594,                0.30405,                0.17526,                0.12144,                0.04815,                 2.0612,                 5.5847,                 3.1994,              0.0015941,              0.0015941,              0.0015941
                     44,                 1.8817,                 2.4177,                 2.6079,                 0.3402,                0.46246,                0.23037,                0.11084,                  2.066,                 3.4756,                 3.1142,              0.0015842,              0.0015842,              0.0015842
                     45,                 2.0832,                 2.4501,                 2.6797,                0.43836,                 0.4433,                0.36537,                  0.173,                 2.0953,                 3.0863,                 2.8865,              0.0015743,              0.0015743,              0.0015743
                     46,                  2.074,                 2.4083,                 2.6627,                0.25447,                0.57732,                0.20142,                0.07829,                 2.1492,                 2.9427,                  2.929,              0.0015644,              0.0015644,              0.0015644
                     47,                 1.9705,                 2.4241,                 2.6408,                0.32206,                0.24742,                0.28336,                 0.1298,                 2.0445,                 2.9865,                 3.0182,              0.0015545,              0.0015545,              0.0015545
                     48,                 1.9387,                 2.3169,                 2.5646,                0.19466,                 0.2268,                0.14422,                0.07147,                 2.1973,                 3.2328,                 3.1961,              0.0015446,              0.0015446,              0.0015446
                     49,                 1.8482,                 2.2267,                  2.579,                0.31252,                0.21649,                0.19533,                0.10846,                 2.1845,                 3.2433,                 3.0962,              0.0015347,              0.0015347,              0.0015347
                     50,                 1.8679,                 2.3405,                 2.6363,                 0.4339,                0.34021,                0.39866,                 0.2451,                 2.2101,                 3.2569,                 3.0236,              0.0015248,              0.0015248,              0.0015248
                     51,                 1.8421,                 2.2433,                 2.5094,                0.46822,                0.57732,                0.42893,                0.26413,                 1.4686,                 3.1327,                 2.4213,              0.0015149,              0.0015149,              0.0015149
                     52,                 1.8699,                 2.1683,                 2.5278,                0.30616,                0.51546,                0.37469,                0.20997,                 1.7096,                 3.0416,                  2.616,               0.001505,               0.001505,               0.001505
                     53,                 1.9251,                  2.235,                 2.5333,                 0.2678,                0.23711,                0.25408,                0.13104,                 1.8473,                 3.2022,                 2.7517,              0.0014951,              0.0014951,              0.0014951
                     54,                 1.8785,                 2.0823,                 2.4668,                0.32101,                0.66287,                0.35274,                0.16051,                 1.8181,                 2.8237,                  2.595,              0.0014852,              0.0014852,              0.0014852
                     55,                 1.7471,                 2.1454,                 2.3957,                0.59223,                0.70103,                 0.5306,                0.29487,                 1.4347,                 2.6461,                 2.2315,              0.0014753,              0.0014753,              0.0014753
                     56,                 1.7573,                 2.0685,                 2.3685,                 0.8652,                0.66171,                 0.7954,                0.51302,                 1.3659,                 2.1448,                 2.2175,              0.0014654,              0.0014654,              0.0014654
                     57,                 1.7518,                 2.0747,                 2.3058,                0.82178,                0.71309,                0.83048,                0.53336,                  1.359,                 2.0287,                 2.1868,              0.0014555,              0.0014555,              0.0014555
                     58,                 1.6623,                 1.8957,                 2.3506,                0.88521,                0.75258,                0.84725,                0.49383,                   1.48,                 2.1423,                 2.2277,              0.0014456,              0.0014456,              0.0014456
                     59,                 1.6497,                  1.917,                 2.2889,                0.78081,                0.77123,                0.82159,                0.36594,                 1.7879,                 2.3321,                 2.4681,              0.0014357,              0.0014357,              0.0014357
                     60,                 1.6341,                 1.9149,                 2.3112,                0.82781,                0.81443,                 0.8155,                0.41733,                 1.5786,                 2.3105,                 2.2763,              0.0014258,              0.0014258,              0.0014258
                     61,                 1.7702,                 2.0253,                 2.3554,                0.81353,                0.80962,                0.82576,                0.46859,                 1.3715,                 2.1427,                  2.094,              0.0014159,              0.0014159,              0.0014159
                     62,                 1.5919,                 2.0407,                 2.2798,                0.85605,                0.79701,                0.86528,                0.53488,                 1.2552,                 1.9636,                 2.0117,               0.001406,               0.001406,               0.001406
                     63,                 1.6664,                 1.8961,                 2.2088,                0.76352,                0.81443,                0.82005,                 0.4879,                 1.3448,                 2.0663,                 2.0877,              0.0013961,              0.0013961,              0.0013961
                     64,                  1.651,                 1.8715,                  2.277,                0.73071,                0.74227,                0.78374,                0.39666,                 1.6249,                 2.1768,                 2.3162,              0.0013862,              0.0013862,              0.0013862
                     65,                 1.8388,                 1.9848,                 2.3244,                0.69176,                0.73196,                0.78488,                0.39228,                 1.6311,                  2.183,                 2.3297,              0.0013763,              0.0013763,              0.0013763
                     66,                 1.5385,                 1.8232,                 2.1415,                0.75909,                0.78351,                0.81424,                0.50402,                 1.2848,                 1.9908,                 2.0416,              0.0013664,              0.0013664,              0.0013664
                     67,                 1.5661,                 1.8332,                 2.2209,                0.78165,                0.76289,                0.79188,                0.54073,                 1.0922,                  1.788,                 1.9549,              0.0013565,              0.0013565,              0.0013565
                     68,                 1.6033,                 1.7337,                 2.2407,                0.80188,                 0.7732,                0.80004,                0.52964,                 1.1332,                 1.8951,                 1.9658,              0.0013466,              0.0013466,              0.0013466
                     69,                 1.4576,                 1.7267,                 2.1042,                0.77246,                0.80496,                0.78912,                0.52537,                 1.1628,                 1.8292,                 2.0139,              0.0013367,              0.0013367,              0.0013367
                     70,                 1.6607,                   1.96,                 2.2327,                0.79324,                 0.8306,                0.79226,                0.48222,                 1.1782,                 1.6231,                 1.9885,              0.0013268,              0.0013268,              0.0013268
                     71,                 1.7174,                 1.8913,                 2.3039,                0.71184,                0.78351,                0.76896,                0.49402,                 1.1985,                 1.7173,                 1.9532,              0.0013169,              0.0013169,              0.0013169
                     72,                 1.5055,                 1.7848,                 2.0828,                0.81569,                0.80412,                0.79885,                0.43736,                 1.3511,                 1.7775,                  2.028,               0.001307,               0.001307,               0.001307
                     73,                 1.5972,                 1.6919,                 2.1941,                0.81141,                0.84536,                0.79821,                0.43772,                 1.3359,                 1.7153,                 1.9859,              0.0012971,              0.0012971,              0.0012971
                     74,                 1.6432,                   1.99,                 2.2156,                0.84751,                0.79381,                0.84268,                0.53002,                 1.1855,                   1.63,                 1.8901,              0.0012872,              0.0012872,              0.0012872
                     75,                 1.6195,                 1.9321,                 2.2498,                 0.8357,                0.74227,                0.85299,                 0.5866,                 1.0353,                 1.4917,                 1.8593,              0.0012773,              0.0012773,              0.0012773
                     76,                 1.4938,                   1.66,                  2.149,                0.66687,                0.82551,                0.72066,                0.46504,                 1.0226,                 1.5966,                 1.8414,              0.0012674,              0.0012674,              0.0012674
                     77,                 1.4572,                 1.6826,                 2.0828,                0.54598,                0.83505,                0.60185,                0.37351,                 1.0757,                 1.7207,                 1.8666,              0.0012575,              0.0012575,              0.0012575
                     78,                  1.444,                 1.5855,                 2.0121,                0.68731,                0.82474,                0.67912,                0.37274,                 1.4311,                 1.8744,                 2.0926,              0.0012476,              0.0012476,              0.0012476
                     79,                 1.4806,                 1.6033,                 2.1038,                0.78577,                0.83192,                0.79564,                0.39082,                 1.5743,                 1.9016,                  2.179,              0.0012377,              0.0012377,              0.0012377
                     80,                 1.4399,                 1.6805,                 2.0919,                0.86896,                0.82042,                 0.8628,                0.42788,                 1.4907,                  1.903,                 2.1222,              0.0012278,              0.0012278,              0.0012278
                     81,                 1.2716,                 1.4947,                  1.951,                0.84782,                0.80412,                0.88345,                0.44783,                 1.4546,                 1.7998,                 2.0743,              0.0012179,              0.0012179,              0.0012179
                     82,                 1.3311,                 1.5876,                 1.9969,                0.66974,                0.85567,                0.82123,                0.50583,                 1.3075,                 1.6684,                 1.9251,               0.001208,               0.001208,               0.001208
                     83,                   1.63,                 1.6723,                 2.1291,                0.82248,                0.72165,                0.80915,                0.54838,                 1.1769,                 1.6261,                 1.9151,              0.0011981,              0.0011981,              0.0011981
                     84,                 1.4943,                 1.6973,                 2.0684,                0.81083,                0.83505,                0.79007,                0.51972,                 1.0908,                 1.5297,                 1.9514,              0.0011882,              0.0011882,              0.0011882
                     85,                  1.279,                 1.3588,                 1.9413,                0.74524,                0.82474,                0.75066,                0.47293,                 1.1488,                 1.5358,                  1.934,              0.0011783,              0.0011783,              0.0011783
                     86,                 1.3863,                 1.4119,                 1.9831,                0.73035,                0.84536,                0.73149,                0.45329,                 1.3001,                 1.6033,                 1.9186,              0.0011684,              0.0011684,              0.0011684
                     87,                 1.2653,                  1.279,                 1.8843,                0.85302,                0.89746,                0.89025,                0.61437,                 1.2317,                 1.4593,                 1.8173,              0.0011585,              0.0011585,              0.0011585
                     88,                 1.2298,                 1.2411,                 1.8441,                0.93565,                0.89946,                0.95187,                0.66531,                 1.0592,                 1.2844,                 1.7849,              0.0011486,              0.0011486,              0.0011486
                     89,                 1.2937,                 1.3033,                  1.879,                0.92653,                0.91005,                0.94685,                0.64979,                 1.0528,                 1.2747,                 1.8651,              0.0011387,              0.0011387,              0.0011387
                     90,                 1.3252,                 1.3876,                 1.9053,                0.86153,                0.89798,                0.90184,                0.63551,                 1.0336,                 1.3122,                 1.8764,              0.0011288,              0.0011288,              0.0011288
                     91,                 1.3593,                 1.3587,                 1.9057,                 0.6955,                0.79381,                0.72653,                0.52899,                  1.019,                  1.472,                 1.7723,              0.0011189,              0.0011189,              0.0011189
                     92,                  1.486,                 1.4258,                 2.0686,                0.73744,                0.86598,                0.73239,                0.51562,                0.97739,                 1.4143,                 1.7073,               0.001109,               0.001109,               0.001109
                     93,                 1.2929,                  1.248,                 1.9594,                0.71636,                 0.8866,                0.73485,                0.49958,                0.95575,                 1.3869,                 1.7213,              0.0010991,              0.0010991,              0.0010991
                     94,                 1.4844,                  1.522,                 1.9964,                0.81565,                0.84536,                0.82641,                0.58571,                 0.9298,                 1.1968,                  1.723,              0.0010892,              0.0010892,              0.0010892
                     95,                  1.214,                 1.2161,                 1.8488,                0.81696,                0.80412,                0.88096,                0.61903,                 1.0205,                 1.2702,                 1.7731,              0.0010793,              0.0010793,              0.0010793
                     96,                  1.196,                 1.1898,                 1.7529,                0.82496,                0.73196,                0.83707,                0.57899,                 1.0806,                 1.3718,                 1.8614,              0.0010694,              0.0010694,              0.0010694
                     97,                 1.1731,                 1.3129,                 1.8778,                0.78089,                0.82474,                0.83428,                0.59357,                 1.0474,                 1.3195,                 1.8871,              0.0010595,              0.0010595,              0.0010595
                     98,                 1.3361,                 1.2183,                 1.8988,                 0.7651,                0.80591,                0.83438,                0.59806,                0.97712,                 1.2321,                 1.9255,              0.0010496,              0.0010496,              0.0010496
                     99,                 1.4955,                 1.4026,                 2.1501,                0.81473,                0.81604,                0.89811,                0.69094,                0.86611,                 1.1187,                 1.7741,              0.0010397,              0.0010397,              0.0010397
                    100,                 1.3444,                 1.2816,                 1.9567,                  0.857,                0.84536,                0.91861,                0.71277,                 0.8559,                 1.0326,                 1.6047,              0.0010298,              0.0010298,              0.0010298
                    101,                 1.2933,                 1.2962,                 1.9436,                0.82091,                0.86598,                 0.8995,                0.69343,                0.89354,                 1.0665,                 1.6216,              0.0010199,              0.0010199,              0.0010199
                    102,                 1.1812,                 1.2074,                  1.806,                0.93509,                 0.8911,                0.92412,                0.71148,                0.86815,                 1.0267,                 1.5742,                0.00101,                0.00101,                0.00101
                    103,                 1.2472,                  1.191,                 1.8065,                0.86334,                0.92784,                0.89179,                0.67934,                0.82058,                0.97957,                 1.5335,              0.0010001,              0.0010001,              0.0010001
                    104,                 1.2515,                 1.2315,                  1.853,                0.79358,                0.81443,                0.80113,                0.60308,                0.83294,                 1.1246,                 1.5997,              0.0009902,              0.0009902,              0.0009902
                    105,                 1.2408,                 1.1043,                 1.8672,                0.80898,                0.78592,                0.78218,                0.59103,                0.85025,                 1.1974,                 1.6502,              0.0009803,              0.0009803,              0.0009803
                    106,                  1.165,                 1.2977,                 1.7659,                  0.807,                0.68971,                0.80333,                0.60174,                0.86691,                 1.2553,                 1.7357,              0.0009704,              0.0009704,              0.0009704
                    107,                 1.1717,                 1.1651,                 1.8319,                0.85614,                0.67494,                0.83695,                0.63935,                0.89155,                 1.2897,                 1.7692,              0.0009605,              0.0009605,              0.0009605
                    108,                 1.1777,                 1.2078,                 1.7799,                0.90617,                0.86598,                0.91573,                0.71659,                0.83057,                0.96903,                 1.6396,              0.0009506,              0.0009506,              0.0009506
                    109,                  1.145,                 1.0678,                 1.7746,                0.93714,                0.92226,                 0.9596,                0.76036,                0.85022,                0.91697,                 1.6138,              0.0009407,              0.0009407,              0.0009407
                    110,                 1.0976,                 1.1239,                 1.7536,                0.90912,                0.92815,                0.96788,                0.74309,                0.94799,                0.98016,                 1.6631,              0.0009308,              0.0009308,              0.0009308
                    111,                  1.245,                 1.3614,                 1.9316,                0.94686,                0.89691,                0.97869,                0.75185,                0.93609,                0.97851,                 1.6299,              0.0009209,              0.0009209,              0.0009209
                    112,                 1.1949,                 1.1552,                 1.8353,                0.93015,                0.96098,                0.98471,                0.74935,                0.96968,                0.94423,                 1.6226,               0.000911,               0.000911,               0.000911
                    113,                 1.1485,                  1.167,                 1.7885,                0.95723,                0.92297,                0.96829,                0.73342,                0.98524,                0.96276,                 1.6545,              0.0009011,              0.0009011,              0.0009011
                    114,                  1.105,                 1.0374,                 1.7108,                0.79902,                0.90169,                0.91742,                0.68629,                 1.0414,                  1.087,                 1.7696,              0.0008912,              0.0008912,              0.0008912
                    115,                 1.2998,                 1.2227,                 1.9621,                0.76429,                0.83571,                0.88409,                0.68353,                0.90764,                 1.0941,                 1.6441,              0.0008813,              0.0008813,              0.0008813
                    116,                 0.9902,                 1.0606,                 1.6776,                0.78253,                0.87629,                0.89597,                0.72155,                0.78676,                 1.0126,                 1.5101,              0.0008714,              0.0008714,              0.0008714
                    117,                  1.146,                 1.3174,                 1.7358,                0.88938,                0.92784,                0.94574,                0.76674,                 0.7978,                0.89253,                 1.4945,              0.0008615,              0.0008615,              0.0008615
                    118,                 1.0241,                 1.0116,                 1.7439,                0.93524,                0.89337,                0.93432,                  0.728,                 0.9026,                0.90613,                 1.5759,              0.0008516,              0.0008516,              0.0008516
                    119,                 1.0727,                  1.056,                 1.7072,                0.93305,                0.86212,                0.93679,                0.69113,                0.95247,                 1.0151,                 1.6555,              0.0008417,              0.0008417,              0.0008417
                    120,                   1.24,                 1.2268,                 1.7393,                0.90042,                0.93814,                0.95206,                0.73657,                0.98203,                0.94349,                 1.6512,              0.0008318,              0.0008318,              0.0008318
                    121,                 1.1362,                 1.2126,                 1.8189,                0.92253,                0.85937,                0.94301,                0.74351,                0.96077,                0.90467,                  1.609,              0.0008219,              0.0008219,              0.0008219
                    122,                 1.0649,                 1.0124,                 1.7042,                0.92611,                0.90722,                0.94958,                0.78289,                0.85293,                0.80203,                 1.4887,               0.000812,               0.000812,               0.000812
                    123,                   1.05,                 1.0188,                 1.6573,                0.89082,                0.92527,                0.92896,                0.76706,                 0.7238,                0.81554,                 1.4632,              0.0008021,              0.0008021,              0.0008021
                    124,                 1.0369,                0.99379,                 1.6531,                0.84066,                0.94845,                0.91448,                0.76376,                0.68365,                0.84551,                 1.4365,              0.0007922,              0.0007922,              0.0007922
                    125,                 1.0548,                 1.0515,                 1.7091,                0.82323,                0.92784,                0.91896,                0.75042,                0.69019,                0.88723,                 1.4417,              0.0007823,              0.0007823,              0.0007823
                    126,                 1.0004,                 1.0657,                 1.6964,                0.90926,                0.92973,                0.96127,                0.78369,                0.68796,                0.86707,                 1.4285,              0.0007724,              0.0007724,              0.0007724
                    127,                 1.1724,                 0.9837,                 1.7965,                0.88139,                0.91935,                 0.9613,                0.78918,                0.67208,                0.85275,                 1.4158,              0.0007625,              0.0007625,              0.0007625
                    128,                 1.0118,                0.95347,                 1.5979,                0.89814,                0.89691,                0.94145,                0.77507,                0.71889,                 0.8504,                 1.4303,              0.0007526,              0.0007526,              0.0007526
                    129,                 0.9454,                 1.1357,                 1.5939,                0.87817,                0.89179,                0.93447,                0.77147,                0.71432,                0.84862,                 1.4501,              0.0007427,              0.0007427,              0.0007427
                    130,                  1.151,                  1.018,                  1.698,                0.83557,                0.89062,                0.91698,                0.76771,                0.71516,                0.85963,                 1.4643,              0.0007328,              0.0007328,              0.0007328
                    131,                0.93703,                0.93429,                 1.5639,                0.84737,                0.94845,                0.94385,                0.78645,                0.71936,                0.82957,                 1.4882,              0.0007229,              0.0007229,              0.0007229
                    132,                  1.042,                0.91593,                 1.6836,                0.89339,                0.96907,                0.96481,                0.80107,                0.71949,                0.79823,                 1.4351,               0.000713,               0.000713,               0.000713
                    133,                 1.1924,                 1.0576,                 1.7724,                0.90134,                0.94186,                 0.9657,                0.79739,                0.74294,                0.80696,                  1.426,              0.0007031,              0.0007031,              0.0007031
                    134,                 1.0189,                0.91668,                 1.6941,                0.89053,                0.94845,                0.94171,                0.76338,                0.80961,                0.92034,                 1.4442,              0.0006932,              0.0006932,              0.0006932
                    135,                 1.0453,                0.91984,                 1.6289,                 0.8645,                0.86598,                0.89783,                0.69362,                0.94467,                 1.0602,                 1.6001,              0.0006833,              0.0006833,              0.0006833
                    136,                 1.0074,                0.87421,                 1.6195,                 0.8484,                0.82474,                0.86529,                0.68411,                0.81452,                 1.0087,                 1.4844,              0.0006734,              0.0006734,              0.0006734
                    137,                0.93825,                0.80165,                 1.5238,                0.83048,                 0.8586,                0.88902,                0.72822,                0.74026,                0.90963,                 1.4269,              0.0006635,              0.0006635,              0.0006635
                    138,                 1.0651,                 1.4743,                 1.7623,                 0.8932,                0.94838,                0.93754,                0.80228,                0.67172,                0.76299,                   1.36,              0.0006536,              0.0006536,              0.0006536
                    139,                 0.9958,                0.87446,                 1.5784,                0.96712,                0.90964,                0.97801,                0.81681,                0.70942,                0.72851,                 1.3691,              0.0006437,              0.0006437,              0.0006437
                    140,                 1.2929,                 1.3784,                 1.8643,                0.95869,                0.95699,                0.97805,                0.82526,                0.69329,                0.73575,                 1.3615,              0.0006338,              0.0006338,              0.0006338
                    141,                0.95972,                0.89744,                 1.5824,                 0.9595,                0.97701,                0.97679,                0.83072,                 0.6604,                0.72512,                 1.3418,              0.0006239,              0.0006239,              0.0006239
                    142,                0.91917,                 0.8774,                 1.5682,                0.95825,                0.94639,                 0.9767,                0.84941,                0.63249,                 0.7234,                 1.3189,               0.000614,               0.000614,               0.000614
                    143,                 1.0004,                 0.8899,                 1.6006,                0.93923,                0.95602,                0.96258,                0.82408,                0.70752,                 0.7763,                 1.3544,              0.0006041,              0.0006041,              0.0006041
                    144,                 1.0804,                 1.0022,                  1.757,                0.92825,                0.93363,                 0.9528,                0.79311,                 0.7883,                0.77288,                 1.3825,              0.0005942,              0.0005942,              0.0005942
                    145,                 1.0822,                 1.3983,                 1.8403,                0.91155,                0.95625,                0.95118,                0.78221,                0.78672,                0.79671,                 1.3834,              0.0005843,              0.0005843,              0.0005843
                    146,                0.88324,                0.84899,                 1.5385,                 0.8593,                0.91753,                0.96157,                0.76499,                0.78756,                0.83282,                 1.3799,              0.0005744,              0.0005744,              0.0005744
                    147,                0.84037,                0.90959,                 1.4567,                0.89697,                0.90722,                0.96183,                0.77744,                0.80055,                0.87064,                 1.3527,              0.0005645,              0.0005645,              0.0005645
                    148,                 1.1705,                 1.6882,                 1.8577,                0.92346,                0.92784,                0.95012,                0.77137,                0.81118,                0.89727,                 1.3617,              0.0005546,              0.0005546,              0.0005546
                    149,                0.99106,                 1.3896,                 1.6209,                0.92903,                0.90722,                0.94747,                0.78124,                0.80619,                0.92674,                 1.3776,              0.0005447,              0.0005447,              0.0005447
                    150,                 0.9302,                0.90968,                 1.6746,                0.93479,                 0.8866,                0.95103,                0.80833,                0.76454,                0.90683,                 1.3807,              0.0005348,              0.0005348,              0.0005348
                    151,                0.90653,                0.79201,                  1.553,                0.91986,                0.94667,                0.95606,                0.81905,                0.67132,                0.81243,                 1.3527,              0.0005249,              0.0005249,              0.0005249
                    152,                0.97347,                0.89596,                 1.5932,                 0.9478,                0.94845,                0.98086,                0.82229,                0.68688,                0.74916,                 1.3507,               0.000515,               0.000515,               0.000515
                    153,                 0.9039,                0.85487,                 1.5831,                0.95785,                0.94845,                 0.9829,                0.81941,                0.71933,                 0.7292,                 1.3597,              0.0005051,              0.0005051,              0.0005051
                    154,                0.92379,                0.79895,                 1.5276,                0.96743,                0.91879,                0.97398,                0.79711,                0.78731,                0.73722,                 1.4023,              0.0004952,              0.0004952,              0.0004952
                    155,                0.87062,                0.84339,                 1.4992,                 0.9102,                0.94046,                0.96431,                0.81585,                0.70863,                0.72127,                 1.3424,              0.0004853,              0.0004853,              0.0004853
                    156,                0.92159,                0.82572,                 1.5351,                0.93926,                0.95645,                0.96621,                0.84511,                0.66221,                0.72196,                 1.2991,              0.0004754,              0.0004754,              0.0004754
                    157,                 1.1186,                0.96006,                 1.8175,                0.95238,                0.94845,                0.97238,                0.85248,                0.63733,                0.72254,                 1.2845,              0.0004655,              0.0004655,              0.0004655
                    158,                0.78501,                 0.7762,                 1.4328,                 0.9616,                0.94845,                0.98239,                0.86606,                0.62123,                0.71339,                 1.2714,              0.0004556,              0.0004556,              0.0004556
                    159,                0.86842,                0.79738,                 1.5238,                0.97892,                0.95768,                 0.9874,                0.86539,                0.68097,                0.70897,                 1.3229,              0.0004457,              0.0004457,              0.0004457
                    160,                0.85479,                0.80528,                 1.4575,                0.96722,                0.94845,                0.97767,                0.84735,                0.79334,                 0.7617,                  1.414,              0.0004358,              0.0004358,              0.0004358
                    161,                0.95048,                0.79454,                 1.5454,                0.92738,                0.92163,                0.96851,                 0.8137,                0.85341,                0.83771,                 1.4748,              0.0004259,              0.0004259,              0.0004259
                    162,                0.92024,                0.77618,                 1.5116,                 0.8426,                 0.9382,                0.95147,                0.77192,                 0.9174,                0.86998,                 1.5156,               0.000416,               0.000416,               0.000416
                    163,                 1.1057,                 1.1298,                 1.7681,                0.84333,                0.91753,                0.93796,                 0.7642,                0.93291,                0.83357,                 1.5233,              0.0004061,              0.0004061,              0.0004061
                    164,                0.92565,                0.78842,                 1.5214,                0.92461,                0.90722,                0.96777,                0.80667,                0.82513,                0.72855,                 1.4258,              0.0003962,              0.0003962,              0.0003962
                    165,                0.80732,                0.69821,                 1.4805,                 0.9525,                0.90722,                0.97372,                 0.8167,                0.79673,                0.71181,                 1.4053,              0.0003863,              0.0003863,              0.0003863
                    166,                0.90689,                 1.0902,                 1.5954,                0.91901,                0.94845,                0.97541,                0.83907,                0.67306,                 0.7998,                 1.3336,              0.0003764,              0.0003764,              0.0003764
                    167,                 1.1232,                 1.1277,                 1.7047,                 0.9351,                0.95876,                0.97956,                0.85045,                 0.6486,                 0.9967,                 1.3375,              0.0003665,              0.0003665,              0.0003665
                    168,                0.78746,                0.73715,                   1.43,                0.93751,                0.95876,                0.98182,                0.84129,                0.67779,                0.65561,                 1.3077,              0.0003566,              0.0003566,              0.0003566
                    169,                0.75729,                0.69099,                  1.432,                0.93896,                0.95876,                0.98202,                0.83087,                0.71979,                0.66133,                 1.3268,              0.0003467,              0.0003467,              0.0003467
                    170,                0.81206,                0.70379,                 1.4394,                0.89504,                0.96703,                 0.9697,                0.80387,                0.77813,                0.72778,                 1.3673,              0.0003368,              0.0003368,              0.0003368
                    171,                0.87138,                0.73332,                 1.4993,                0.87984,                0.94845,                0.96185,                0.80929,                0.69625,                0.71138,                 1.3128,              0.0003269,              0.0003269,              0.0003269
                    172,                0.97528,                0.76412,                 1.6619,                0.93512,                0.93814,                0.97588,                0.82468,                0.62151,                0.64733,                 1.2749,               0.000317,               0.000317,               0.000317
                    173,                0.85613,                0.74047,                 1.6142,                0.94026,                0.94845,                0.98429,                0.84156,                0.60235,                0.62728,                 1.2732,              0.0003071,              0.0003071,              0.0003071
                    174,                0.83739,                0.68422,                 1.4458,                0.93896,                0.98969,                0.98948,                0.86022,                0.56455,                 0.6152,                 1.2632,              0.0002972,              0.0002972,              0.0002972
                    175,                0.79539,                0.89182,                 1.4695,                0.96824,                0.94287,                0.99089,                0.86817,                0.55758,                0.60815,                 1.2384,              0.0002873,              0.0002873,              0.0002873
                    176,                0.84362,                0.76376,                 1.4444,                0.94003,                0.96957,                0.99022,                0.87438,                 0.5837,                0.62197,                 1.2319,              0.0002774,              0.0002774,              0.0002774
                    177,                0.82234,                0.86459,                 1.4157,                0.98893,                0.92102,                0.98692,                0.86772,                0.59968,                0.62942,                  1.237,              0.0002675,              0.0002675,              0.0002675
                    178,                0.89341,                0.88733,                   1.51,                0.96243,                0.91753,                0.98465,                0.86814,                 0.5979,                0.63215,                 1.2291,              0.0002576,              0.0002576,              0.0002576
                    179,                0.72572,                 0.6596,                 1.3983,                0.91663,                0.94845,                0.98076,                0.87361,                0.56528,                0.61918,                 1.2114,              0.0002477,              0.0002477,              0.0002477
                    180,                0.95504,                0.96391,                 1.5526,                 0.9211,                0.96291,                0.98137,                0.88394,                0.54621,                 0.5979,                 1.2081,              0.0002378,              0.0002378,              0.0002378
                    181,                 1.0461,                0.98935,                 1.9607,                0.93856,                0.94486,                0.98186,                0.88135,                0.54123,                 0.5911,                 1.2023,              0.0002279,              0.0002279,              0.0002279
                    182,                 1.0169,                 0.9077,                 1.5983,                0.93317,                0.96907,                0.98584,                0.88232,                 0.5331,                0.57397,                 1.1884,               0.000218,               0.000218,               0.000218
                    183,                0.76966,                0.73374,                 1.4246,                0.94938,                0.96682,                0.98754,                0.87332,                0.52826,                0.58207,                 1.1764,              0.0002081,              0.0002081,              0.0002081
                    184,                0.84334,                0.66266,                 1.4068,                0.94286,                0.97938,                0.99057,                0.88427,                0.51907,                0.58152,                 1.1646,              0.0001982,              0.0001982,              0.0001982
                    185,                0.84319,                0.76235,                 1.5829,                0.95344,                0.95876,                0.98969,                0.88475,                0.51621,                0.59866,                 1.1623,              0.0001883,              0.0001883,              0.0001883
                    186,                0.74562,                0.64556,                 1.3559,                0.94082,                0.98969,                0.99013,                0.87855,                0.52973,                0.62203,                 1.1686,              0.0001784,              0.0001784,              0.0001784
                    187,                0.80989,                0.82696,                 1.4822,                0.95032,                0.98603,                0.99121,                0.87399,                0.56228,                0.61978,                 1.1831,              0.0001685,              0.0001685,              0.0001685
                    188,                0.84854,                 1.0218,                 1.5637,                0.93859,                      1,                0.99269,                0.87848,                0.57789,                0.61391,                 1.1868,              0.0001586,              0.0001586,              0.0001586
                    189,                0.82665,                0.72253,                 1.4756,                0.94102,                      1,                0.99263,                0.87652,                0.57663,                0.60867,                 1.1878,              0.0001487,              0.0001487,              0.0001487
                    190,                0.74828,                0.72827,                 1.4114,                0.95888,                0.96172,                0.99183,                0.87826,                0.57346,                0.60606,                 1.1853,              0.0001388,              0.0001388,              0.0001388
                    191,                0.87297,                 1.2373,                 1.6931,                0.95195,                0.94845,                0.98515,                0.87275,                0.57407,                0.62616,                 1.1899,              0.0001289,              0.0001289,              0.0001289
                    192,                0.78727,                 1.2132,                 1.6271,                0.93948,                0.94845,                0.98139,                0.87672,                0.55829,                0.61394,                 1.1782,               0.000119,               0.000119,               0.000119
                    193,                0.68648,                0.92051,                 1.5974,                0.92993,                0.95772,                0.98136,                0.87099,                0.55028,                 0.6059,                 1.1764,              0.0001091,              0.0001091,              0.0001091
                    194,                0.70465,                 1.2057,                 1.7524,                0.94721,                0.93814,                0.98374,                 0.8748,                0.53245,                0.57981,                 1.1659,               9.92e-05,               9.92e-05,               9.92e-05
                    195,                0.77276,                 1.3377,                 1.6646,                0.94896,                0.95846,                0.98678,                 0.8811,                0.52034,                0.55034,                 1.1529,               8.93e-05,               8.93e-05,               8.93e-05
                    196,                0.54617,                0.59635,                 1.3086,                0.94723,                0.96907,                0.98481,                 0.8781,                0.51345,                0.54418,                 1.1399,               7.94e-05,               7.94e-05,               7.94e-05
                    197,                0.53193,                 0.5716,                 1.4356,                0.94988,                0.97699,                0.98507,                0.88154,                0.51062,                0.54056,                 1.1393,               6.95e-05,               6.95e-05,               6.95e-05
                    198,                0.75492,                 1.3122,                 1.6037,                0.95577,                0.97938,                0.98878,                0.88824,                 0.4999,                0.52749,                 1.1351,               5.96e-05,               5.96e-05,               5.96e-05
                    199,                0.55182,                0.66866,                 1.4855,                0.95043,                0.98828,                0.99083,                0.89423,                0.49823,                0.52751,                 1.1277,               4.97e-05,               4.97e-05,               4.97e-05
                    200,                0.70614,                0.60027,                 1.5187,                0.95042,                 0.9882,                0.99124,                0.89395,                0.49981,                0.53544,                 1.1205,               3.98e-05,               3.98e-05,               3.98e-05
